{"stats":{"minecraft:crafted":{"minecraft:iron_chestplate":1,"minecraft:iron_pickaxe":1,"minecraft:leather_chestplate":1,"minecraft:stone_pickaxe":1,"minecraft:stone_sword":1,"minecraft:chainmail_chestplate":1,"minecraft:white_candle":1},"minecraft:picked_up":{"minecraft:fire_charge":7,"minecraft:spider_eye":3,"minecraft:string":1,"minecraft:rotten_flesh":10,"minecraft:diamond":2},"minecraft:custom":{"minecraft:time_since_rest":227,"minecraft:sprint_one_cm":55984,"minecraft:walk_one_cm":166153,"minecraft:damage_taken":1273,"minecraft:damage_absorbed":40,"minecraft:mob_kills":18,"minecraft:drop":3,"minecraft:damage_dealt":3726,"minecraft:interact_with_crafting_table":40,"minecraft:fly_one_cm":99195,"minecraft:crouch_one_cm":125,"minecraft:play_time":25757,"minecraft:deaths":2,"minecraft:sneak_time":751,"minecraft:jump":657,"minecraft:leave_game":1,"minecraft:time_since_death":226,"minecraft:total_world_time":29546,"minecraft:fall_one_cm":23670},"minecraft:dropped":{"minecraft:spider_eye":3},"minecraft:mined":{"minecraft:iron_ore":13,"minecraft:brown_carpet":11,"minecraft:cobblestone":21,"minecraft:player_head":13},"minecraft:killed":{"minecraft:zombie":17,"minecraft:spider":1},"minecraft:killed_by":{"minecraft:zombie":2},"minecraft:used":{"minecraft:stone_sword":54,"minecraft:armor_stand":1,"minecraft:stone_pickaxe":6,"minecraft:carrot_on_a_stick":1,"minecraft:iron_pickaxe":42,"minecraft:wooden_pickaxe":14,"minecraft:leather_chestplate":1,"minecraft:golden_apple":1,"minecraft:fire_charge":4,"minecraft:wooden_sword":46}},"DataVersion":3955}