{
    "type": "minecraft:crafting_shapeless",
    "ingredients": [
        {
            "item": "minecraft:rotten_flesh"
        },
        {
            "item": "minecraft:rotten_flesh"
        },
        {
            "item": "minecraft:clay_ball"
        },
        {
            "item": "minecraft:bone"
        },
        {
            "item": "minecraft:diamond"
        },
        {
            "item": "minecraft:clay_ball"
        },
        {
            "item": "minecraft:bone"
        },
        {
            "item": "minecraft:bone"
        },
        {
            "item": "minecraft:bone"
        }
    ],
    "result": {
        "id": "minecraft:red_candle"
    }
}