{
    "type": "minecraft:crafting_shapeless",
    "ingredients": [
        {
            "item": "minecraft:string"
        },
        {
            "item": "minecraft:string"
        },
        {
            "item": "minecraft:fire_charge"
        },
        {
            "item": "minecraft:blue_dye"
        },
        {
            "item": "minecraft:diamond"
        },
        {
            "item": "minecraft:fire_charge"
        },
        {
            "item": "minecraft:blue_dye"
        },
        {
            "item": "minecraft:raw_gold"
        },
        {
            "item": "minecraft:raw_gold"
        }
    ],
    "result": {
        "id": "minecraft:yellow_candle"
    }
}