{
    "type": "minecraft:crafting_shapeless",
    "ingredients": [
        {
            "item": "minecraft:bowl"
        },
        {
            "item": "minecraft:bowl"
        },
        {
            "item": "minecraft:raw_iron"
        },
        {
            "item": "minecraft:stick"
        },
        {
            "item": "minecraft:diamond"
        },
        {
            "item": "minecraft:raw_iron"
        },
        {
            "item": "minecraft:stick"
        },
        {
            "item": "minecraft:stick"
        },
        {
            "item": "minecraft:stick"
        }
    ],
    "result": {
        "id": "minecraft:white_candle"
    }
}