{
    "pools": [
        {
            "rolls": 1,
            "entries": [
                {
                    "type": "minecraft:item",
                    "name": "minecraft:blue_dye",
                    "functions": [
                        {
                            "function": "minecraft:set_components",
                            "components": {
                                "minecraft:custom_name": "{\"color\":\"yellow\",\"italic\":false,\"text\":\"Ectoplasm\"}",
                                "minecraft:lore": [
                                    "{\"color\":\"gray\",\"text\":\"The membrane of a ghost.\"}"
                                ]
                            }
                        }
                    ]
                }
            ]
        }
    ]
}