{
    "pools": [
        {
            "rolls": 1,
            "entries": [
                {
                    "type": "minecraft:item",
                    "name": "minecraft:fire_charge",
                    "functions": [
                        {
                            "function": "minecraft:set_count",
                            "count": 1
                        },
                        {
                            "function": "minecraft:set_components",
                            "components": {
                                "minecraft:can_place_on": {
                                    "predicates": [
                                        {
                                            "blocks": "#minecraft:candles"
                                        }
                                    ],
                                    "show_in_tooltip": false
                                },
                                "minecraft:custom_name": "{\"color\":\"yellow\",\"italic\":false,\"text\":\"Light Essence\"}",
                                "minecraft:lore": [
                                    "{\"color\":\"gray\",\"text\":\"Right-click a candle to light it.\"}"
                                ],
                                "minecraft:hide_additional_tooltip": {}
                            }
                        }
                    ]
                }
            ]
        }
    ]
}