{
    "pools": [
        {
            "rolls": 1,
            "entries": [
                {
                    "type": "minecraft:item",
                    "name": "minecraft:spider_eye",
                    "functions": [
                        {
                            "function": "minecraft:set_components",
                            "components": {
                                "minecraft:custom_name": "{\"color\":\"red\",\"italic\":false,\"text\":\"Blood\"}",
                                "minecraft:lore": [
                                    "{\"color\":\"gray\",\"text\":\"Ew, sticky.\"}"
                                ]
                            }
                        }
                    ],
                    "conditions": [
                        {
                            "condition": "minecraft:random_chance",
                            "chance": 0.5
                        }
                    ]
                }
            ]
        },
        {
            "rolls": 1,
            "entries": [
                {
                    "type": "minecraft:item",
                    "name": "minecraft:rotten_flesh",
                    "functions": [
                        {
                            "function": "minecraft:set_count",
                            "count": 1
                        },
                        {
                            "function": "minecraft:set_components",
                            "components": {
                                "minecraft:custom_name": "{\"color\":\"red\",\"italic\":false,\"text\":\"Flesh\"}",
                                "minecraft:lore": [
                                    "{\"color\":\"gray\",\"text\":\"From the corpse of a wicked creature.\"}"
                                ]
                            }
                        }
                    ]
                }
            ]
        }
    ]
}