[
    {
        "function": "minecraft:set_components",
        "components": {
            "minecraft:can_break": {
                "predicates": [
                    {
                        "blocks": "#chop:mineable"
                    }
                ],
                "show_in_tooltip": false
            },
            "minecraft:can_place_on": {
                "predicates": [
                    {
                        "blocks": "#chop:all_blocks"
                    }
                ],
                "show_in_tooltip": false
            },
            "minecraft:lore": [
                "{\"color\":\"gray\",\"text\":\"Place light anywhere!\"}"
            ],
            "minecraft:hide_additional_tooltip": {}
        }
    }
]